experiment,V,E,density,seed,source,algorithm,trial,order,elapsed_ms
sparse_v,250,1000,0.01606425702811245,2001,115,matrix_array,0,0,0.16189999999999999
sparse_v,250,1000,0.01606425702811245,2001,115,list_heap,0,1,0.025399999999999999
sparse_v,250,1000,0.01606425702811245,2001,115,list_heap,1,0,0.013599999999999999
sparse_v,250,1000,0.01606425702811245,2001,115,matrix_array,1,1,0.15340000000000001
sparse_v,250,1000,0.01606425702811245,2001,115,matrix_array,2,0,0.14330000000000001
sparse_v,250,1000,0.01606425702811245,2001,115,list_heap,2,1,0.018100000000000002
sparse_v,250,1000,0.01606425702811245,2001,115,list_heap,3,0,0.0123
sparse_v,250,1000,0.01606425702811245,2001,115,matrix_array,3,1,0.14430000000000001
sparse_v,250,1000,0.01606425702811245,2001,115,matrix_array,4,0,0.14369999999999999
sparse_v,250,1000,0.01606425702811245,2001,115,list_heap,4,1,0.0167
sparse_v,250,1000,0.01606425702811245,2001,115,list_heap,5,0,0.0115
sparse_v,250,1000,0.01606425702811245,2001,115,matrix_array,5,1,0.1457
sparse_v,250,1000,0.01606425702811245,2001,115,matrix_array,6,0,0.14380000000000001
sparse_v,250,1000,0.01606425702811245,2001,115,list_heap,6,1,0.0172
sparse_v,250,1000,0.01606425702811245,2001,115,list_heap,7,0,0.0111
sparse_v,250,1000,0.01606425702811245,2001,115,matrix_array,7,1,0.14369999999999999
sparse_v,250,1000,0.01606425702811245,2001,115,matrix_array,8,0,0.14430000000000001
sparse_v,250,1000,0.01606425702811245,2001,115,list_heap,8,1,0.016199999999999999
sparse_v,250,1000,0.01606425702811245,2002,119,matrix_array,0,0,0.1646
sparse_v,250,1000,0.01606425702811245,2002,119,list_heap,0,1,0.023199999999999998
sparse_v,250,1000,0.01606425702811245,2002,119,list_heap,1,0,0.0143
sparse_v,250,1000,0.01606425702811245,2002,119,matrix_array,1,1,0.16750000000000001
sparse_v,250,1000,0.01606425702811245,2002,119,matrix_array,2,0,0.14430000000000001
sparse_v,250,1000,0.01606425702811245,2002,119,list_heap,2,1,0.019
sparse_v,250,1000,0.01606425702811245,2002,119,list_heap,3,0,0.012800000000000001
sparse_v,250,1000,0.01606425702811245,2002,119,matrix_array,3,1,0.14610000000000001
sparse_v,250,1000,0.01606425702811245,2002,119,matrix_array,4,0,0.1464
sparse_v,250,1000,0.01606425702811245,2002,119,list_heap,4,1,0.018100000000000002
sparse_v,250,1000,0.01606425702811245,2002,119,list_heap,5,0,0.0117
sparse_v,250,1000,0.01606425702811245,2002,119,matrix_array,5,1,0.14729999999999999
sparse_v,250,1000,0.01606425702811245,2002,119,matrix_array,6,0,0.14299999999999999
sparse_v,250,1000,0.01606425702811245,2002,119,list_heap,6,1,0.0154
sparse_v,250,1000,0.01606425702811245,2002,119,list_heap,7,0,0.01
sparse_v,250,1000,0.01606425702811245,2002,119,matrix_array,7,1,0.14499999999999999
sparse_v,250,1000,0.01606425702811245,2002,119,matrix_array,8,0,0.1447
sparse_v,250,1000,0.01606425702811245,2002,119,list_heap,8,1,0.017000000000000001
sparse_v,250,1000,0.01606425702811245,2003,4,matrix_array,0,0,0.17380000000000001
sparse_v,250,1000,0.01606425702811245,2003,4,list_heap,0,1,0.031600000000000003
sparse_v,250,1000,0.01606425702811245,2003,4,list_heap,1,0,0.015100000000000001
sparse_v,250,1000,0.01606425702811245,2003,4,matrix_array,1,1,0.14729999999999999
sparse_v,250,1000,0.01606425702811245,2003,4,matrix_array,2,0,0.1472
sparse_v,250,1000,0.01606425702811245,2003,4,list_heap,2,1,0.018700000000000001
sparse_v,250,1000,0.01606425702811245,2003,4,list_heap,3,0,0.011599999999999999
sparse_v,250,1000,0.01606425702811245,2003,4,matrix_array,3,1,0.14829999999999999
sparse_v,250,1000,0.01606425702811245,2003,4,matrix_array,4,0,0.14419999999999999
sparse_v,250,1000,0.01606425702811245,2003,4,list_heap,4,1,0.016
sparse_v,250,1000,0.01606425702811245,2003,4,list_heap,5,0,0.010800000000000001
sparse_v,250,1000,0.01606425702811245,2003,4,matrix_array,5,1,0.1449
sparse_v,250,1000,0.01606425702811245,2003,4,matrix_array,6,0,0.14499999999999999
sparse_v,250,1000,0.01606425702811245,2003,4,list_heap,6,1,0.016299999999999999
sparse_v,250,1000,0.01606425702811245,2003,4,list_heap,7,0,0.026499999999999999
sparse_v,250,1000,0.01606425702811245,2003,4,matrix_array,7,1,0.16039999999999999
sparse_v,250,1000,0.01606425702811245,2003,4,matrix_array,8,0,0.15310000000000001
sparse_v,250,1000,0.01606425702811245,2003,4,list_heap,8,1,0.024199999999999999
sparse_v,500,2000,0.008016032064128256,2001,126,matrix_array,0,0,0.54890000000000005
sparse_v,500,2000,0.008016032064128256,2001,126,list_heap,0,1,0.054800000000000001
sparse_v,500,2000,0.008016032064128256,2001,126,list_heap,1,0,0.036900000000000002
sparse_v,500,2000,0.008016032064128256,2001,126,matrix_array,1,1,0.55279999999999996
sparse_v,500,2000,0.008016032064128256,2001,126,matrix_array,2,0,0.53400000000000003
sparse_v,500,2000,0.008016032064128256,2001,126,list_heap,2,1,0.0487
sparse_v,500,2000,0.008016032064128256,2001,126,list_heap,3,0,0.036999999999999998
sparse_v,500,2000,0.008016032064128256,2001,126,matrix_array,3,1,0.53010000000000002
sparse_v,500,2000,0.008016032064128256,2001,126,matrix_array,4,0,0.52880000000000005
sparse_v,500,2000,0.008016032064128256,2001,126,list_heap,4,1,0.047500000000000001
sparse_v,500,2000,0.008016032064128256,2001,126,list_heap,5,0,0.0349
sparse_v,500,2000,0.008016032064128256,2001,126,matrix_array,5,1,0.53359999999999996
sparse_v,500,2000,0.008016032064128256,2001,126,matrix_array,6,0,0.53259999999999996
sparse_v,500,2000,0.008016032064128256,2001,126,list_heap,6,1,0.047699999999999999
sparse_v,500,2000,0.008016032064128256,2001,126,list_heap,7,0,0.034799999999999998
sparse_v,500,2000,0.008016032064128256,2001,126,matrix_array,7,1,0.53069999999999995
sparse_v,500,2000,0.008016032064128256,2001,126,matrix_array,8,0,0.53569999999999995
sparse_v,500,2000,0.008016032064128256,2001,126,list_heap,8,1,0.048300000000000003
sparse_v,500,2000,0.008016032064128256,2002,199,matrix_array,0,0,0.53859999999999997
sparse_v,500,2000,0.008016032064128256,2002,199,list_heap,0,1,0.056000000000000001
sparse_v,500,2000,0.008016032064128256,2002,199,list_heap,1,0,0.038800000000000001
sparse_v,500,2000,0.008016032064128256,2002,199,matrix_array,1,1,0.54430000000000001
sparse_v,500,2000,0.008016032064128256,2002,199,matrix_array,2,0,0.53010000000000002
sparse_v,500,2000,0.008016032064128256,2002,199,list_heap,2,1,0.053499999999999999
sparse_v,500,2000,0.008016032064128256,2002,199,list_heap,3,0,0.042900000000000001
sparse_v,500,2000,0.008016032064128256,2002,199,matrix_array,3,1,0.74739999999999995
sparse_v,500,2000,0.008016032064128256,2002,199,matrix_array,4,0,0.6794
sparse_v,500,2000,0.008016032064128256,2002,199,list_heap,4,1,0.0482
sparse_v,500,2000,0.008016032064128256,2002,199,list_heap,5,0,0.038100000000000002
sparse_v,500,2000,0.008016032064128256,2002,199,matrix_array,5,1,0.53359999999999996
sparse_v,500,2000,0.008016032064128256,2002,199,matrix_array,6,0,0.53749999999999998
sparse_v,500,2000,0.008016032064128256,2002,199,list_heap,6,1,0.049200000000000001
sparse_v,500,2000,0.008016032064128256,2002,199,list_heap,7,0,0.035499999999999997
sparse_v,500,2000,0.008016032064128256,2002,199,matrix_array,7,1,0.53790000000000004
sparse_v,500,2000,0.008016032064128256,2002,199,matrix_array,8,0,0.53080000000000005
sparse_v,500,2000,0.008016032064128256,2002,199,list_heap,8,1,0.047399999999999998
sparse_v,500,2000,0.008016032064128256,2003,295,matrix_array,0,0,0.53459999999999996
sparse_v,500,2000,0.008016032064128256,2003,295,list_heap,0,1,0.051799999999999999
sparse_v,500,2000,0.008016032064128256,2003,295,list_heap,1,0,0.039
sparse_v,500,2000,0.008016032064128256,2003,295,matrix_array,1,1,0.53080000000000005
sparse_v,500,2000,0.008016032064128256,2003,295,matrix_array,2,0,0.52700000000000002
sparse_v,500,2000,0.008016032064128256,2003,295,list_heap,2,1,0.047500000000000001
sparse_v,500,2000,0.008016032064128256,2003,295,list_heap,3,0,0.035499999999999997
sparse_v,500,2000,0.008016032064128256,2003,295,matrix_array,3,1,0.52869999999999995
sparse_v,500,2000,0.008016032064128256,2003,295,matrix_array,4,0,0.53100000000000003
sparse_v,500,2000,0.008016032064128256,2003,295,list_heap,4,1,0.047300000000000002
sparse_v,500,2000,0.008016032064128256,2003,295,list_heap,5,0,0.036799999999999999
sparse_v,500,2000,0.008016032064128256,2003,295,matrix_array,5,1,0.5272
sparse_v,500,2000,0.008016032064128256,2003,295,matrix_array,6,0,0.53200000000000003
sparse_v,500,2000,0.008016032064128256,2003,295,list_heap,6,1,0.0453
sparse_v,500,2000,0.008016032064128256,2003,295,list_heap,7,0,0.0339
sparse_v,500,2000,0.008016032064128256,2003,295,matrix_array,7,1,0.52700000000000002
sparse_v,500,2000,0.008016032064128256,2003,295,matrix_array,8,0,0.53420000000000001
sparse_v,500,2000,0.008016032064128256,2003,295,list_heap,8,1,0.045999999999999999
sparse_v,1000,4000,0.004004004004004004,2001,567,matrix_array,0,0,2.1031
sparse_v,1000,4000,0.004004004004004004,2001,567,list_heap,0,1,0.11509999999999999
sparse_v,1000,4000,0.004004004004004004,2001,567,list_heap,1,0,0.090899999999999995
sparse_v,1000,4000,0.004004004004004004,2001,567,matrix_array,1,1,2.0903
sparse_v,1000,4000,0.004004004004004004,2001,567,matrix_array,2,0,2.0933000000000002
sparse_v,1000,4000,0.004004004004004004,2001,567,list_heap,2,1,0.1123
sparse_v,1000,4000,0.004004004004004004,2001,567,list_heap,3,0,0.092999999999999999
sparse_v,1000,4000,0.004004004004004004,2001,567,matrix_array,3,1,2.1839
sparse_v,1000,4000,0.004004004004004004,2001,567,matrix_array,4,0,2.1419999999999999
sparse_v,1000,4000,0.004004004004004004,2001,567,list_heap,4,1,0.11849999999999999
sparse_v,1000,4000,0.004004004004004004,2001,567,list_heap,5,0,0.087300000000000003
sparse_v,1000,4000,0.004004004004004004,2001,567,matrix_array,5,1,2.0832000000000002
sparse_v,1000,4000,0.004004004004004004,2001,567,matrix_array,6,0,2.0644999999999998
sparse_v,1000,4000,0.004004004004004004,2001,567,list_heap,6,1,0.11210000000000001
sparse_v,1000,4000,0.004004004004004004,2001,567,list_heap,7,0,0.089899999999999994
sparse_v,1000,4000,0.004004004004004004,2001,567,matrix_array,7,1,2.0287999999999999
sparse_v,1000,4000,0.004004004004004004,2001,567,matrix_array,8,0,2.0926999999999998
sparse_v,1000,4000,0.004004004004004004,2001,567,list_heap,8,1,0.1144
sparse_v,1000,4000,0.004004004004004004,2002,913,matrix_array,0,0,2.2599999999999998
sparse_v,1000,4000,0.004004004004004004,2002,913,list_heap,0,1,0.11459999999999999
sparse_v,1000,4000,0.004004004004004004,2002,913,list_heap,1,0,0.10009999999999999
sparse_v,1000,4000,0.004004004004004004,2002,913,matrix_array,1,1,2.0834000000000001
sparse_v,1000,4000,0.004004004004004004,2002,913,matrix_array,2,0,2.0518000000000001
sparse_v,1000,4000,0.004004004004004004,2002,913,list_heap,2,1,0.1152
sparse_v,1000,4000,0.004004004004004004,2002,913,list_heap,3,0,0.095500000000000002
sparse_v,1000,4000,0.004004004004004004,2002,913,matrix_array,3,1,2.1278999999999999
sparse_v,1000,4000,0.004004004004004004,2002,913,matrix_array,4,0,2.1158000000000001
sparse_v,1000,4000,0.004004004004004004,2002,913,list_heap,4,1,0.13700000000000001
sparse_v,1000,4000,0.004004004004004004,2002,913,list_heap,5,0,0.0969
sparse_v,1000,4000,0.004004004004004004,2002,913,matrix_array,5,1,2.0611000000000002
sparse_v,1000,4000,0.004004004004004004,2002,913,matrix_array,6,0,2.0434000000000001
sparse_v,1000,4000,0.004004004004004004,2002,913,list_heap,6,1,0.1135
sparse_v,1000,4000,0.004004004004004004,2002,913,list_heap,7,0,0.1056
sparse_v,1000,4000,0.004004004004004004,2002,913,matrix_array,7,1,2.1067
sparse_v,1000,4000,0.004004004004004004,2002,913,matrix_array,8,0,2.1030000000000002
sparse_v,1000,4000,0.004004004004004004,2002,913,list_heap,8,1,0.113
sparse_v,1000,4000,0.004004004004004004,2003,480,matrix_array,0,0,2.1343000000000001
sparse_v,1000,4000,0.004004004004004004,2003,480,list_heap,0,1,0.12189999999999999
sparse_v,1000,4000,0.004004004004004004,2003,480,list_heap,1,0,0.092100000000000001
sparse_v,1000,4000,0.004004004004004004,2003,480,matrix_array,1,1,2.1229
sparse_v,1000,4000,0.004004004004004004,2003,480,matrix_array,2,0,2.1061000000000001
sparse_v,1000,4000,0.004004004004004004,2003,480,list_heap,2,1,0.1119
sparse_v,1000,4000,0.004004004004004004,2003,480,list_heap,3,0,0.090999999999999998
sparse_v,1000,4000,0.004004004004004004,2003,480,matrix_array,3,1,2.1469
sparse_v,1000,4000,0.004004004004004004,2003,480,matrix_array,4,0,2.1682000000000001
sparse_v,1000,4000,0.004004004004004004,2003,480,list_heap,4,1,0.1206
sparse_v,1000,4000,0.004004004004004004,2003,480,list_heap,5,0,0.091499999999999998
sparse_v,1000,4000,0.004004004004004004,2003,480,matrix_array,5,1,2.0796999999999999
sparse_v,1000,4000,0.004004004004004004,2003,480,matrix_array,6,0,2.1120000000000001
sparse_v,1000,4000,0.004004004004004004,2003,480,list_heap,6,1,0.1135
sparse_v,1000,4000,0.004004004004004004,2003,480,list_heap,7,0,0.1082
sparse_v,1000,4000,0.004004004004004004,2003,480,matrix_array,7,1,2.1154999999999999
sparse_v,1000,4000,0.004004004004004004,2003,480,matrix_array,8,0,2.1766000000000001
sparse_v,1000,4000,0.004004004004004004,2003,480,list_heap,8,1,0.11700000000000001
sparse_v,2000,8000,0.002001000500250125,2001,1608,matrix_array,0,0,8.1431000000000004
sparse_v,2000,8000,0.002001000500250125,2001,1608,list_heap,0,1,0.24740000000000001
sparse_v,2000,8000,0.002001000500250125,2001,1608,list_heap,1,0,0.20899999999999999
sparse_v,2000,8000,0.002001000500250125,2001,1608,matrix_array,1,1,7.9688999999999997
sparse_v,2000,8000,0.002001000500250125,2001,1608,matrix_array,2,0,8.0641999999999996
sparse_v,2000,8000,0.002001000500250125,2001,1608,list_heap,2,1,0.23949999999999999
sparse_v,2000,8000,0.002001000500250125,2001,1608,list_heap,3,0,0.23219999999999999
sparse_v,2000,8000,0.002001000500250125,2001,1608,matrix_array,3,1,8.1339000000000006
sparse_v,2000,8000,0.002001000500250125,2001,1608,matrix_array,4,0,8.2379999999999995
sparse_v,2000,8000,0.002001000500250125,2001,1608,list_heap,4,1,0.28239999999999998
sparse_v,2000,8000,0.002001000500250125,2001,1608,list_heap,5,0,0.25380000000000003
sparse_v,2000,8000,0.002001000500250125,2001,1608,matrix_array,5,1,8.0670999999999999
sparse_v,2000,8000,0.002001000500250125,2001,1608,matrix_array,6,0,8.6633999999999993
sparse_v,2000,8000,0.002001000500250125,2001,1608,list_heap,6,1,0.24210000000000001
sparse_v,2000,8000,0.002001000500250125,2001,1608,list_heap,7,0,0.2039
sparse_v,2000,8000,0.002001000500250125,2001,1608,matrix_array,7,1,8.0541999999999998
sparse_v,2000,8000,0.002001000500250125,2001,1608,matrix_array,8,0,8.1180000000000003
sparse_v,2000,8000,0.002001000500250125,2001,1608,list_heap,8,1,0.27289999999999998
sparse_v,2000,8000,0.002001000500250125,2002,1695,matrix_array,0,0,8.1114999999999995
sparse_v,2000,8000,0.002001000500250125,2002,1695,list_heap,0,1,0.23960000000000001
sparse_v,2000,8000,0.002001000500250125,2002,1695,list_heap,1,0,0.2114
sparse_v,2000,8000,0.002001000500250125,2002,1695,matrix_array,1,1,8.0226000000000006
sparse_v,2000,8000,0.002001000500250125,2002,1695,matrix_array,2,0,8.1109000000000009
sparse_v,2000,8000,0.002001000500250125,2002,1695,list_heap,2,1,0.23810000000000001
sparse_v,2000,8000,0.002001000500250125,2002,1695,list_heap,3,0,0.2082
sparse_v,2000,8000,0.002001000500250125,2002,1695,matrix_array,3,1,8.2338000000000005
sparse_v,2000,8000,0.002001000500250125,2002,1695,matrix_array,4,0,7.9265999999999996
sparse_v,2000,8000,0.002001000500250125,2002,1695,list_heap,4,1,0.2351
sparse_v,2000,8000,0.002001000500250125,2002,1695,list_heap,5,0,0.20649999999999999
sparse_v,2000,8000,0.002001000500250125,2002,1695,matrix_array,5,1,8.4916
sparse_v,2000,8000,0.002001000500250125,2002,1695,matrix_array,6,0,8.0728000000000009
sparse_v,2000,8000,0.002001000500250125,2002,1695,list_heap,6,1,0.24779999999999999
sparse_v,2000,8000,0.002001000500250125,2002,1695,list_heap,7,0,0.2142
sparse_v,2000,8000,0.002001000500250125,2002,1695,matrix_array,7,1,8.0641999999999996
sparse_v,2000,8000,0.002001000500250125,2002,1695,matrix_array,8,0,8.4258000000000006
sparse_v,2000,8000,0.002001000500250125,2002,1695,list_heap,8,1,0.24460000000000001
sparse_v,2000,8000,0.002001000500250125,2003,997,matrix_array,0,0,8.4170999999999996
sparse_v,2000,8000,0.002001000500250125,2003,997,list_heap,0,1,0.2389
sparse_v,2000,8000,0.002001000500250125,2003,997,list_heap,1,0,0.21920000000000001
sparse_v,2000,8000,0.002001000500250125,2003,997,matrix_array,1,1,8.6618999999999993
sparse_v,2000,8000,0.002001000500250125,2003,997,matrix_array,2,0,8.3938000000000006
sparse_v,2000,8000,0.002001000500250125,2003,997,list_heap,2,1,0.23710000000000001
sparse_v,2000,8000,0.002001000500250125,2003,997,list_heap,3,0,0.21540000000000001
sparse_v,2000,8000,0.002001000500250125,2003,997,matrix_array,3,1,8.1640999999999995
sparse_v,2000,8000,0.002001000500250125,2003,997,matrix_array,4,0,8.1184999999999992
sparse_v,2000,8000,0.002001000500250125,2003,997,list_heap,4,1,0.24110000000000001
sparse_v,2000,8000,0.002001000500250125,2003,997,list_heap,5,0,0.22259999999999999
sparse_v,2000,8000,0.002001000500250125,2003,997,matrix_array,5,1,8.1014999999999997
sparse_v,2000,8000,0.002001000500250125,2003,997,matrix_array,6,0,7.9530000000000003
sparse_v,2000,8000,0.002001000500250125,2003,997,list_heap,6,1,0.2387
sparse_v,2000,8000,0.002001000500250125,2003,997,list_heap,7,0,0.23719999999999999
sparse_v,2000,8000,0.002001000500250125,2003,997,matrix_array,7,1,8.0618999999999996
sparse_v,2000,8000,0.002001000500250125,2003,997,matrix_array,8,0,8.1050000000000004
sparse_v,2000,8000,0.002001000500250125,2003,997,list_heap,8,1,0.24030000000000001
sparse_v,4000,16000,0.001000250062515629,2001,3393,matrix_array,0,0,33.181800000000003
sparse_v,4000,16000,0.001000250062515629,2001,3393,list_heap,0,1,0.51759999999999995
sparse_v,4000,16000,0.001000250062515629,2001,3393,list_heap,1,0,0.4637
sparse_v,4000,16000,0.001000250062515629,2001,3393,matrix_array,1,1,33.877299999999998
sparse_v,4000,16000,0.001000250062515629,2001,3393,matrix_array,2,0,33.393500000000003
sparse_v,4000,16000,0.001000250062515629,2001,3393,list_heap,2,1,0.52529999999999999
sparse_v,4000,16000,0.001000250062515629,2001,3393,list_heap,3,0,0.45989999999999998
sparse_v,4000,16000,0.001000250062515629,2001,3393,matrix_array,3,1,34.261000000000003
sparse_v,4000,16000,0.001000250062515629,2001,3393,matrix_array,4,0,33.571300000000001
sparse_v,4000,16000,0.001000250062515629,2001,3393,list_heap,4,1,0.49919999999999998
sparse_v,4000,16000,0.001000250062515629,2001,3393,list_heap,5,0,0.50760000000000005
sparse_v,4000,16000,0.001000250062515629,2001,3393,matrix_array,5,1,34.713500000000003
sparse_v,4000,16000,0.001000250062515629,2001,3393,matrix_array,6,0,33.8735
sparse_v,4000,16000,0.001000250062515629,2001,3393,list_heap,6,1,0.52529999999999999
sparse_v,4000,16000,0.001000250062515629,2001,3393,list_heap,7,0,0.45660000000000001
sparse_v,4000,16000,0.001000250062515629,2001,3393,matrix_array,7,1,33.481900000000003
sparse_v,4000,16000,0.001000250062515629,2001,3393,matrix_array,8,0,33.360300000000002
sparse_v,4000,16000,0.001000250062515629,2001,3393,list_heap,8,1,0.50549999999999995
sparse_v,4000,16000,0.001000250062515629,2002,3687,matrix_array,0,0,34.385199999999998
sparse_v,4000,16000,0.001000250062515629,2002,3687,list_heap,0,1,0.52780000000000005
sparse_v,4000,16000,0.001000250062515629,2002,3687,list_heap,1,0,0.5302
sparse_v,4000,16000,0.001000250062515629,2002,3687,matrix_array,1,1,35.346800000000002
sparse_v,4000,16000,0.001000250062515629,2002,3687,matrix_array,2,0,33.765000000000001
sparse_v,4000,16000,0.001000250062515629,2002,3687,list_heap,2,1,0.52059999999999995
sparse_v,4000,16000,0.001000250062515629,2002,3687,list_heap,3,0,0.50990000000000002
sparse_v,4000,16000,0.001000250062515629,2002,3687,matrix_array,3,1,33.377600000000001
sparse_v,4000,16000,0.001000250062515629,2002,3687,matrix_array,4,0,32.634700000000002
sparse_v,4000,16000,0.001000250062515629,2002,3687,list_heap,4,1,0.65490000000000004
sparse_v,4000,16000,0.001000250062515629,2002,3687,list_heap,5,0,0.48060000000000003
sparse_v,4000,16000,0.001000250062515629,2002,3687,matrix_array,5,1,33.766500000000001
sparse_v,4000,16000,0.001000250062515629,2002,3687,matrix_array,6,0,34.986699999999999
sparse_v,4000,16000,0.001000250062515629,2002,3687,list_heap,6,1,0.52310000000000001
sparse_v,4000,16000,0.001000250062515629,2002,3687,list_heap,7,0,0.57989999999999997
sparse_v,4000,16000,0.001000250062515629,2002,3687,matrix_array,7,1,33.616599999999998
sparse_v,4000,16000,0.001000250062515629,2002,3687,matrix_array,8,0,33.122700000000002
sparse_v,4000,16000,0.001000250062515629,2002,3687,list_heap,8,1,0.53500000000000003
sparse_v,4000,16000,0.001000250062515629,2003,1778,matrix_array,0,0,34.664200000000001
sparse_v,4000,16000,0.001000250062515629,2003,1778,list_heap,0,1,0.56989999999999996
sparse_v,4000,16000,0.001000250062515629,2003,1778,list_heap,1,0,0.4965
sparse_v,4000,16000,0.001000250062515629,2003,1778,matrix_array,1,1,33.523699999999998
sparse_v,4000,16000,0.001000250062515629,2003,1778,matrix_array,2,0,33.1892
sparse_v,4000,16000,0.001000250062515629,2003,1778,list_heap,2,1,0.51449999999999996
sparse_v,4000,16000,0.001000250062515629,2003,1778,list_heap,3,0,0.50839999999999996
sparse_v,4000,16000,0.001000250062515629,2003,1778,matrix_array,3,1,33.844900000000003
sparse_v,4000,16000,0.001000250062515629,2003,1778,matrix_array,4,0,34.015700000000002
sparse_v,4000,16000,0.001000250062515629,2003,1778,list_heap,4,1,0.50029999999999997
sparse_v,4000,16000,0.001000250062515629,2003,1778,list_heap,5,0,0.44450000000000001
sparse_v,4000,16000,0.001000250062515629,2003,1778,matrix_array,5,1,34.579099999999997
sparse_v,4000,16000,0.001000250062515629,2003,1778,matrix_array,6,0,33.471299999999999
sparse_v,4000,16000,0.001000250062515629,2003,1778,list_heap,6,1,0.50370000000000004
sparse_v,4000,16000,0.001000250062515629,2003,1778,list_heap,7,0,0.45129999999999998
sparse_v,4000,16000,0.001000250062515629,2003,1778,matrix_array,7,1,33.582299999999996
sparse_v,4000,16000,0.001000250062515629,2003,1778,matrix_array,8,0,35.381300000000003
sparse_v,4000,16000,0.001000250062515629,2003,1778,list_heap,8,1,0.76900000000000002
dense_v,250,31125,0.5,2001,192,matrix_array,0,0,0.32779999999999998
dense_v,250,31125,0.5,2001,192,list_heap,0,1,0.15110000000000001
dense_v,250,31125,0.5,2001,192,list_heap,1,0,0.1394
dense_v,250,31125,0.5,2001,192,matrix_array,1,1,0.31619999999999998
dense_v,250,31125,0.5,2001,192,matrix_array,2,0,0.29249999999999998
dense_v,250,31125,0.5,2001,192,list_heap,2,1,0.1391
dense_v,250,31125,0.5,2001,192,list_heap,3,0,0.13880000000000001
dense_v,250,31125,0.5,2001,192,matrix_array,3,1,0.31380000000000002
dense_v,250,31125,0.5,2001,192,matrix_array,4,0,0.2994
dense_v,250,31125,0.5,2001,192,list_heap,4,1,0.127
dense_v,250,31125,0.5,2001,192,list_heap,5,0,0.12479999999999999
dense_v,250,31125,0.5,2001,192,matrix_array,5,1,0.30719999999999997
dense_v,250,31125,0.5,2001,192,matrix_array,6,0,0.29770000000000002
dense_v,250,31125,0.5,2001,192,list_heap,6,1,0.14000000000000001
dense_v,250,31125,0.5,2001,192,list_heap,7,0,0.1371
dense_v,250,31125,0.5,2001,192,matrix_array,7,1,0.3095
dense_v,250,31125,0.5,2001,192,matrix_array,8,0,0.29449999999999998
dense_v,250,31125,0.5,2001,192,list_heap,8,1,0.1416
dense_v,250,31125,0.5,2002,128,matrix_array,0,0,0.32890000000000003
dense_v,250,31125,0.5,2002,128,list_heap,0,1,0.1381
dense_v,250,31125,0.5,2002,128,list_heap,1,0,0.12790000000000001
dense_v,250,31125,0.5,2002,128,matrix_array,1,1,0.32329999999999998
dense_v,250,31125,0.5,2002,128,matrix_array,2,0,0.37130000000000002
dense_v,250,31125,0.5,2002,128,list_heap,2,1,0.1479
dense_v,250,31125,0.5,2002,128,list_heap,3,0,0.13719999999999999
dense_v,250,31125,0.5,2002,128,matrix_array,3,1,0.31830000000000003
dense_v,250,31125,0.5,2002,128,matrix_array,4,0,0.3009
dense_v,250,31125,0.5,2002,128,list_heap,4,1,0.13669999999999999
dense_v,250,31125,0.5,2002,128,list_heap,5,0,0.1336
dense_v,250,31125,0.5,2002,128,matrix_array,5,1,0.33350000000000002
dense_v,250,31125,0.5,2002,128,matrix_array,6,0,0.32400000000000001
dense_v,250,31125,0.5,2002,128,list_heap,6,1,0.14660000000000001
dense_v,250,31125,0.5,2002,128,list_heap,7,0,0.13730000000000001
dense_v,250,31125,0.5,2002,128,matrix_array,7,1,0.45250000000000001
dense_v,250,31125,0.5,2002,128,matrix_array,8,0,0.35870000000000002
dense_v,250,31125,0.5,2002,128,list_heap,8,1,0.16639999999999999
dense_v,250,31125,0.5,2003,136,matrix_array,0,0,0.32150000000000001
dense_v,250,31125,0.5,2003,136,list_heap,0,1,0.1469
dense_v,250,31125,0.5,2003,136,list_heap,1,0,0.14899999999999999
dense_v,250,31125,0.5,2003,136,matrix_array,1,1,0.32219999999999999
dense_v,250,31125,0.5,2003,136,matrix_array,2,0,0.3019
dense_v,250,31125,0.5,2003,136,list_heap,2,1,0.14360000000000001
dense_v,250,31125,0.5,2003,136,list_heap,3,0,0.1336
dense_v,250,31125,0.5,2003,136,matrix_array,3,1,0.31879999999999997
dense_v,250,31125,0.5,2003,136,matrix_array,4,0,0.38669999999999999
dense_v,250,31125,0.5,2003,136,list_heap,4,1,0.18129999999999999
dense_v,250,31125,0.5,2003,136,list_heap,5,0,0.13519999999999999
dense_v,250,31125,0.5,2003,136,matrix_array,5,1,0.34910000000000002
dense_v,250,31125,0.5,2003,136,matrix_array,6,0,0.32090000000000002
dense_v,250,31125,0.5,2003,136,list_heap,6,1,0.1447
dense_v,250,31125,0.5,2003,136,list_heap,7,0,0.1404
dense_v,250,31125,0.5,2003,136,matrix_array,7,1,0.3422
dense_v,250,31125,0.5,2003,136,matrix_array,8,0,0.31159999999999999
dense_v,250,31125,0.5,2003,136,list_heap,8,1,0.1285
dense_v,500,124750,0.5,2001,117,matrix_array,0,0,1.1733
dense_v,500,124750,0.5,2001,117,list_heap,0,1,0.47120000000000001
dense_v,500,124750,0.5,2001,117,list_heap,1,0,0.46289999999999998
dense_v,500,124750,0.5,2001,117,matrix_array,1,1,1.1995
dense_v,500,124750,0.5,2001,117,matrix_array,2,0,1.1696
dense_v,500,124750,0.5,2001,117,list_heap,2,1,0.50719999999999998
dense_v,500,124750,0.5,2001,117,list_heap,3,0,0.4592
dense_v,500,124750,0.5,2001,117,matrix_array,3,1,1.1681999999999999
dense_v,500,124750,0.5,2001,117,matrix_array,4,0,1.1513
dense_v,500,124750,0.5,2001,117,list_heap,4,1,0.4874
dense_v,500,124750,0.5,2001,117,list_heap,5,0,0.46000000000000002
dense_v,500,124750,0.5,2001,117,matrix_array,5,1,1.1913
dense_v,500,124750,0.5,2001,117,matrix_array,6,0,1.1395999999999999
dense_v,500,124750,0.5,2001,117,list_heap,6,1,0.44869999999999999
dense_v,500,124750,0.5,2001,117,list_heap,7,0,0.46989999999999998
dense_v,500,124750,0.5,2001,117,matrix_array,7,1,1.2186999999999999
dense_v,500,124750,0.5,2001,117,matrix_array,8,0,1.1416999999999999
dense_v,500,124750,0.5,2001,117,list_heap,8,1,0.46000000000000002
dense_v,500,124750,0.5,2002,47,matrix_array,0,0,1.1462000000000001
dense_v,500,124750,0.5,2002,47,list_heap,0,1,0.4667
dense_v,500,124750,0.5,2002,47,list_heap,1,0,0.54420000000000002
dense_v,500,124750,0.5,2002,47,matrix_array,1,1,1.1583000000000001
dense_v,500,124750,0.5,2002,47,matrix_array,2,0,1.1603000000000001
dense_v,500,124750,0.5,2002,47,list_heap,2,1,0.46500000000000002
dense_v,500,124750,0.5,2002,47,list_heap,3,0,0.45710000000000001
dense_v,500,124750,0.5,2002,47,matrix_array,3,1,1.1407
dense_v,500,124750,0.5,2002,47,matrix_array,4,0,1.1398999999999999
dense_v,500,124750,0.5,2002,47,list_heap,4,1,0.45860000000000001
dense_v,500,124750,0.5,2002,47,list_heap,5,0,0.47639999999999999
dense_v,500,124750,0.5,2002,47,matrix_array,5,1,1.143
dense_v,500,124750,0.5,2002,47,matrix_array,6,0,1.1397999999999999
dense_v,500,124750,0.5,2002,47,list_heap,6,1,0.52380000000000004
dense_v,500,124750,0.5,2002,47,list_heap,7,0,0.44500000000000001
dense_v,500,124750,0.5,2002,47,matrix_array,7,1,1.1500999999999999
dense_v,500,124750,0.5,2002,47,matrix_array,8,0,1.2229000000000001
dense_v,500,124750,0.5,2002,47,list_heap,8,1,0.4844
dense_v,500,124750,0.5,2003,216,matrix_array,0,0,1.1446000000000001
dense_v,500,124750,0.5,2003,216,list_heap,0,1,0.49740000000000001
dense_v,500,124750,0.5,2003,216,list_heap,1,0,0.4642
dense_v,500,124750,0.5,2003,216,matrix_array,1,1,1.1899999999999999
dense_v,500,124750,0.5,2003,216,matrix_array,2,0,1.1415999999999999
dense_v,500,124750,0.5,2003,216,list_heap,2,1,0.52000000000000002
dense_v,500,124750,0.5,2003,216,list_heap,3,0,0.47299999999999998
dense_v,500,124750,0.5,2003,216,matrix_array,3,1,1.1275999999999999
dense_v,500,124750,0.5,2003,216,matrix_array,4,0,1.1535
dense_v,500,124750,0.5,2003,216,list_heap,4,1,0.51939999999999997
dense_v,500,124750,0.5,2003,216,list_heap,5,0,0.4844
dense_v,500,124750,0.5,2003,216,matrix_array,5,1,1.1731
dense_v,500,124750,0.5,2003,216,matrix_array,6,0,1.1413
dense_v,500,124750,0.5,2003,216,list_heap,6,1,0.49509999999999998
dense_v,500,124750,0.5,2003,216,list_heap,7,0,0.48520000000000002
dense_v,500,124750,0.5,2003,216,matrix_array,7,1,1.1296999999999999
dense_v,500,124750,0.5,2003,216,matrix_array,8,0,1.1302000000000001
dense_v,500,124750,0.5,2003,216,list_heap,8,1,0.53559999999999997
dense_v,1000,499500,0.5,2001,164,matrix_array,0,0,4.4630000000000001
dense_v,1000,499500,0.5,2001,164,list_heap,0,1,1.8943000000000001
dense_v,1000,499500,0.5,2001,164,list_heap,1,0,1.7459
dense_v,1000,499500,0.5,2001,164,matrix_array,1,1,4.3653000000000004
dense_v,1000,499500,0.5,2001,164,matrix_array,2,0,4.1985000000000001
dense_v,1000,499500,0.5,2001,164,list_heap,2,1,1.7842
dense_v,1000,499500,0.5,2001,164,list_heap,3,0,1.7485999999999999
dense_v,1000,499500,0.5,2001,164,matrix_array,3,1,4.5411000000000001
dense_v,1000,499500,0.5,2001,164,matrix_array,4,0,4.6939000000000002
dense_v,1000,499500,0.5,2001,164,list_heap,4,1,1.7307999999999999
dense_v,1000,499500,0.5,2001,164,list_heap,5,0,1.7870999999999999
dense_v,1000,499500,0.5,2001,164,matrix_array,5,1,4.2944000000000004
dense_v,1000,499500,0.5,2001,164,matrix_array,6,0,4.2239000000000004
dense_v,1000,499500,0.5,2001,164,list_heap,6,1,1.7464
dense_v,1000,499500,0.5,2001,164,list_heap,7,0,1.6779999999999999
dense_v,1000,499500,0.5,2001,164,matrix_array,7,1,4.2606999999999999
dense_v,1000,499500,0.5,2001,164,matrix_array,8,0,4.1615000000000002
dense_v,1000,499500,0.5,2001,164,list_heap,8,1,1.7939000000000001
dense_v,1000,499500,0.5,2002,678,matrix_array,0,0,4.3257000000000003
dense_v,1000,499500,0.5,2002,678,list_heap,0,1,3.1635
dense_v,1000,499500,0.5,2002,678,list_heap,1,0,2.9519000000000002
dense_v,1000,499500,0.5,2002,678,matrix_array,1,1,6.6249000000000002
dense_v,1000,499500,0.5,2002,678,matrix_array,2,0,4.5505000000000004
dense_v,1000,499500,0.5,2002,678,list_heap,2,1,1.6981999999999999
dense_v,1000,499500,0.5,2002,678,list_heap,3,0,1.7234
dense_v,1000,499500,0.5,2002,678,matrix_array,3,1,4.2077
dense_v,1000,499500,0.5,2002,678,matrix_array,4,0,4.1909000000000001
dense_v,1000,499500,0.5,2002,678,list_heap,4,1,1.7183999999999999
dense_v,1000,499500,0.5,2002,678,list_heap,5,0,1.764
dense_v,1000,499500,0.5,2002,678,matrix_array,5,1,4.2073
dense_v,1000,499500,0.5,2002,678,matrix_array,6,0,4.4478
dense_v,1000,499500,0.5,2002,678,list_heap,6,1,1.6896
dense_v,1000,499500,0.5,2002,678,list_heap,7,0,1.7081
dense_v,1000,499500,0.5,2002,678,matrix_array,7,1,4.1440000000000001
dense_v,1000,499500,0.5,2002,678,matrix_array,8,0,4.0570000000000004
dense_v,1000,499500,0.5,2002,678,list_heap,8,1,1.7304999999999999
dense_v,1000,499500,0.5,2003,371,matrix_array,0,0,4.2352999999999996
dense_v,1000,499500,0.5,2003,371,list_heap,0,1,1.7976000000000001
dense_v,1000,499500,0.5,2003,371,list_heap,1,0,1.8388
dense_v,1000,499500,0.5,2003,371,matrix_array,1,1,4.3026999999999997
dense_v,1000,499500,0.5,2003,371,matrix_array,2,0,4.2202000000000002
dense_v,1000,499500,0.5,2003,371,list_heap,2,1,1.7351000000000001
dense_v,1000,499500,0.5,2003,371,list_heap,3,0,1.7979000000000001
dense_v,1000,499500,0.5,2003,371,matrix_array,3,1,4.2881999999999998
dense_v,1000,499500,0.5,2003,371,matrix_array,4,0,4.2312000000000003
dense_v,1000,499500,0.5,2003,371,list_heap,4,1,1.8307
dense_v,1000,499500,0.5,2003,371,list_heap,5,0,1.7370000000000001
dense_v,1000,499500,0.5,2003,371,matrix_array,5,1,4.2545000000000002
dense_v,1000,499500,0.5,2003,371,matrix_array,6,0,4.2430000000000003
dense_v,1000,499500,0.5,2003,371,list_heap,6,1,1.7461
dense_v,1000,499500,0.5,2003,371,list_heap,7,0,1.7877000000000001
dense_v,1000,499500,0.5,2003,371,matrix_array,7,1,4.2568000000000001
dense_v,1000,499500,0.5,2003,371,matrix_array,8,0,4.4516999999999998
dense_v,1000,499500,0.5,2003,371,list_heap,8,1,1.8576999999999999
dense_v,1500,1124250,0.5,2001,1428,matrix_array,0,0,9.0992999999999995
dense_v,1500,1124250,0.5,2001,1428,list_heap,0,1,3.6989999999999998
dense_v,1500,1124250,0.5,2001,1428,list_heap,1,0,3.8035999999999999
dense_v,1500,1124250,0.5,2001,1428,matrix_array,1,1,9.0876000000000001
dense_v,1500,1124250,0.5,2001,1428,matrix_array,2,0,8.9709000000000003
dense_v,1500,1124250,0.5,2001,1428,list_heap,2,1,3.6989000000000001
dense_v,1500,1124250,0.5,2001,1428,list_heap,3,0,3.9037999999999999
dense_v,1500,1124250,0.5,2001,1428,matrix_array,3,1,9.1179000000000006
dense_v,1500,1124250,0.5,2001,1428,matrix_array,4,0,9.3073999999999995
dense_v,1500,1124250,0.5,2001,1428,list_heap,4,1,3.9407999999999999
dense_v,1500,1124250,0.5,2001,1428,list_heap,5,0,4.1787999999999998
dense_v,1500,1124250,0.5,2001,1428,matrix_array,5,1,9.2814999999999994
dense_v,1500,1124250,0.5,2001,1428,matrix_array,6,0,9.1303999999999998
dense_v,1500,1124250,0.5,2001,1428,list_heap,6,1,3.8094000000000001
dense_v,1500,1124250,0.5,2001,1428,list_heap,7,0,3.9632000000000001
dense_v,1500,1124250,0.5,2001,1428,matrix_array,7,1,9.5757999999999992
dense_v,1500,1124250,0.5,2001,1428,matrix_array,8,0,9.3595000000000006
dense_v,1500,1124250,0.5,2001,1428,list_heap,8,1,3.8607999999999998
dense_v,1500,1124250,0.5,2002,775,matrix_array,0,0,9.0419
dense_v,1500,1124250,0.5,2002,775,list_heap,0,1,3.8719999999999999
dense_v,1500,1124250,0.5,2002,775,list_heap,1,0,3.9733999999999998
dense_v,1500,1124250,0.5,2002,775,matrix_array,1,1,9.0894999999999992
dense_v,1500,1124250,0.5,2002,775,matrix_array,2,0,9.1393000000000004
dense_v,1500,1124250,0.5,2002,775,list_heap,2,1,3.8620000000000001
dense_v,1500,1124250,0.5,2002,775,list_heap,3,0,4.0046999999999997
dense_v,1500,1124250,0.5,2002,775,matrix_array,3,1,9.2012999999999998
dense_v,1500,1124250,0.5,2002,775,matrix_array,4,0,9.1633999999999993
dense_v,1500,1124250,0.5,2002,775,list_heap,4,1,3.8369
dense_v,1500,1124250,0.5,2002,775,list_heap,5,0,3.8355999999999999
dense_v,1500,1124250,0.5,2002,775,matrix_array,5,1,9.1356999999999999
dense_v,1500,1124250,0.5,2002,775,matrix_array,6,0,9.0701999999999998
dense_v,1500,1124250,0.5,2002,775,list_heap,6,1,3.9302999999999999
dense_v,1500,1124250,0.5,2002,775,list_heap,7,0,3.6699000000000002
dense_v,1500,1124250,0.5,2002,775,matrix_array,7,1,8.9872999999999994
dense_v,1500,1124250,0.5,2002,775,matrix_array,8,0,8.9703999999999997
dense_v,1500,1124250,0.5,2002,775,list_heap,8,1,3.8698000000000001
dense_v,1500,1124250,0.5,2003,1098,matrix_array,0,0,9.0078999999999994
dense_v,1500,1124250,0.5,2003,1098,list_heap,0,1,3.7519999999999998
dense_v,1500,1124250,0.5,2003,1098,list_heap,1,0,3.8496000000000001
dense_v,1500,1124250,0.5,2003,1098,matrix_array,1,1,8.8627000000000002
dense_v,1500,1124250,0.5,2003,1098,matrix_array,2,0,9.1478000000000002
dense_v,1500,1124250,0.5,2003,1098,list_heap,2,1,3.5794000000000001
dense_v,1500,1124250,0.5,2003,1098,list_heap,3,0,3.8803000000000001
dense_v,1500,1124250,0.5,2003,1098,matrix_array,3,1,9.3523999999999994
dense_v,1500,1124250,0.5,2003,1098,matrix_array,4,0,8.9809000000000001
dense_v,1500,1124250,0.5,2003,1098,list_heap,4,1,3.8391000000000002
dense_v,1500,1124250,0.5,2003,1098,list_heap,5,0,3.7955999999999999
dense_v,1500,1124250,0.5,2003,1098,matrix_array,5,1,9.0396999999999998
dense_v,1500,1124250,0.5,2003,1098,matrix_array,6,0,8.9795999999999996
dense_v,1500,1124250,0.5,2003,1098,list_heap,6,1,3.9971000000000001
dense_v,1500,1124250,0.5,2003,1098,list_heap,7,0,3.4664999999999999
dense_v,1500,1124250,0.5,2003,1098,matrix_array,7,1,8.9642999999999997
dense_v,1500,1124250,0.5,2003,1098,matrix_array,8,0,8.9871999999999996
dense_v,1500,1124250,0.5,2003,1098,list_heap,8,1,3.9157999999999999
dense_v,2000,1999000,0.5,2001,52,matrix_array,0,0,15.529
dense_v,2000,1999000,0.5,2001,52,list_heap,0,1,6.9961000000000002
dense_v,2000,1999000,0.5,2001,52,list_heap,1,0,7.3617999999999997
dense_v,2000,1999000,0.5,2001,52,matrix_array,1,1,19.346399999999999
dense_v,2000,1999000,0.5,2001,52,matrix_array,2,0,15.963200000000001
dense_v,2000,1999000,0.5,2001,52,list_heap,2,1,6.8597999999999999
dense_v,2000,1999000,0.5,2001,52,list_heap,3,0,6.7016999999999998
dense_v,2000,1999000,0.5,2001,52,matrix_array,3,1,15.960000000000001
dense_v,2000,1999000,0.5,2001,52,matrix_array,4,0,16.2347
dense_v,2000,1999000,0.5,2001,52,list_heap,4,1,6.8776000000000002
dense_v,2000,1999000,0.5,2001,52,list_heap,5,0,6.6651999999999996
dense_v,2000,1999000,0.5,2001,52,matrix_array,5,1,15.956200000000001
dense_v,2000,1999000,0.5,2001,52,matrix_array,6,0,16.074400000000001
dense_v,2000,1999000,0.5,2001,52,list_heap,6,1,6.7083000000000004
dense_v,2000,1999000,0.5,2001,52,list_heap,7,0,6.6821000000000002
dense_v,2000,1999000,0.5,2001,52,matrix_array,7,1,16.5916
dense_v,2000,1999000,0.5,2001,52,matrix_array,8,0,16.175699999999999
dense_v,2000,1999000,0.5,2001,52,list_heap,8,1,6.6210000000000004
dense_v,2000,1999000,0.5,2002,277,matrix_array,0,0,16.214099999999998
dense_v,2000,1999000,0.5,2002,277,list_heap,0,1,7.0095000000000001
dense_v,2000,1999000,0.5,2002,277,list_heap,1,0,6.8121
dense_v,2000,1999000,0.5,2002,277,matrix_array,1,1,16.1812
dense_v,2000,1999000,0.5,2002,277,matrix_array,2,0,15.9977
dense_v,2000,1999000,0.5,2002,277,list_heap,2,1,6.7409999999999997
dense_v,2000,1999000,0.5,2002,277,list_heap,3,0,7.3579999999999997
dense_v,2000,1999000,0.5,2002,277,matrix_array,3,1,15.9787
dense_v,2000,1999000,0.5,2002,277,matrix_array,4,0,15.7943
dense_v,2000,1999000,0.5,2002,277,list_heap,4,1,6.6916000000000002
dense_v,2000,1999000,0.5,2002,277,list_heap,5,0,6.6769999999999996
dense_v,2000,1999000,0.5,2002,277,matrix_array,5,1,15.7921
dense_v,2000,1999000,0.5,2002,277,matrix_array,6,0,15.537100000000001
dense_v,2000,1999000,0.5,2002,277,list_heap,6,1,6.6260000000000003
dense_v,2000,1999000,0.5,2002,277,list_heap,7,0,6.7781000000000002
dense_v,2000,1999000,0.5,2002,277,matrix_array,7,1,15.532500000000001
dense_v,2000,1999000,0.5,2002,277,matrix_array,8,0,15.588200000000001
dense_v,2000,1999000,0.5,2002,277,list_heap,8,1,6.8010000000000002
dense_v,2000,1999000,0.5,2003,1583,matrix_array,0,0,16.962199999999999
dense_v,2000,1999000,0.5,2003,1583,list_heap,0,1,6.9325999999999999
dense_v,2000,1999000,0.5,2003,1583,list_heap,1,0,6.5837000000000003
dense_v,2000,1999000,0.5,2003,1583,matrix_array,1,1,15.7456
dense_v,2000,1999000,0.5,2003,1583,matrix_array,2,0,16.0366
dense_v,2000,1999000,0.5,2003,1583,list_heap,2,1,6.8571
dense_v,2000,1999000,0.5,2003,1583,list_heap,3,0,8.4047999999999998
dense_v,2000,1999000,0.5,2003,1583,matrix_array,3,1,16.6645
dense_v,2000,1999000,0.5,2003,1583,matrix_array,4,0,17.2943
dense_v,2000,1999000,0.5,2003,1583,list_heap,4,1,6.9917999999999996
dense_v,2000,1999000,0.5,2003,1583,list_heap,5,0,6.6295999999999999
dense_v,2000,1999000,0.5,2003,1583,matrix_array,5,1,15.675700000000001
dense_v,2000,1999000,0.5,2003,1583,matrix_array,6,0,15.619999999999999
dense_v,2000,1999000,0.5,2003,1583,list_heap,6,1,6.5191999999999997
dense_v,2000,1999000,0.5,2003,1583,list_heap,7,0,6.6500000000000004
dense_v,2000,1999000,0.5,2003,1583,matrix_array,7,1,15.741400000000001
dense_v,2000,1999000,0.5,2003,1583,matrix_array,8,0,15.8653
dense_v,2000,1999000,0.5,2003,1583,list_heap,8,1,6.9021999999999997
density,1500,4497,0.002,2001,1480,matrix_array,0,0,4.6555
density,1500,4497,0.002,2001,1480,list_heap,0,1,0.17899999999999999
density,1500,4497,0.002,2001,1480,list_heap,1,0,0.1389
density,1500,4497,0.002,2001,1480,matrix_array,1,1,4.4329000000000001
density,1500,4497,0.002,2001,1480,matrix_array,2,0,4.8269000000000002
density,1500,4497,0.002,2001,1480,list_heap,2,1,0.1812
density,1500,4497,0.002,2001,1480,list_heap,3,0,0.17030000000000001
density,1500,4497,0.002,2001,1480,matrix_array,3,1,4.3799000000000001
density,1500,4497,0.002,2001,1480,matrix_array,4,0,4.4726999999999997
density,1500,4497,0.002,2001,1480,list_heap,4,1,0.15490000000000001
density,1500,4497,0.002,2001,1480,list_heap,5,0,0.13200000000000001
density,1500,4497,0.002,2001,1480,matrix_array,5,1,4.7961999999999998
density,1500,4497,0.002,2001,1480,matrix_array,6,0,4.3734999999999999
density,1500,4497,0.002,2001,1480,list_heap,6,1,0.1532
density,1500,4497,0.002,2001,1480,list_heap,7,0,0.1371
density,1500,4497,0.002,2001,1480,matrix_array,7,1,4.6692999999999998
density,1500,4497,0.002,2001,1480,matrix_array,8,0,4.6540999999999997
density,1500,4497,0.002,2001,1480,list_heap,8,1,0.1699
density,1500,4497,0.002,2002,1408,matrix_array,0,0,4.5651000000000002
density,1500,4497,0.002,2002,1408,list_heap,0,1,0.15720000000000001
density,1500,4497,0.002,2002,1408,list_heap,1,0,0.1593
density,1500,4497,0.002,2002,1408,matrix_array,1,1,4.5242000000000004
density,1500,4497,0.002,2002,1408,matrix_array,2,0,4.8860999999999999
density,1500,4497,0.002,2002,1408,list_heap,2,1,0.1671
density,1500,4497,0.002,2002,1408,list_heap,3,0,0.14419999999999999
density,1500,4497,0.002,2002,1408,matrix_array,3,1,4.4135999999999997
density,1500,4497,0.002,2002,1408,matrix_array,4,0,4.7375999999999996
density,1500,4497,0.002,2002,1408,list_heap,4,1,0.15859999999999999
density,1500,4497,0.002,2002,1408,list_heap,5,0,0.13469999999999999
density,1500,4497,0.002,2002,1408,matrix_array,5,1,4.6203000000000003
density,1500,4497,0.002,2002,1408,matrix_array,6,0,4.6204999999999998
density,1500,4497,0.002,2002,1408,list_heap,6,1,0.16589999999999999
density,1500,4497,0.002,2002,1408,list_heap,7,0,0.1351
density,1500,4497,0.002,2002,1408,matrix_array,7,1,4.4972000000000003
density,1500,4497,0.002,2002,1408,matrix_array,8,0,4.6262999999999996
density,1500,4497,0.002,2002,1408,list_heap,8,1,0.15540000000000001
density,1500,4497,0.002,2003,123,matrix_array,0,0,4.4606000000000003
density,1500,4497,0.002,2003,123,list_heap,0,1,0.16239999999999999
density,1500,4497,0.002,2003,123,list_heap,1,0,0.14000000000000001
density,1500,4497,0.002,2003,123,matrix_array,1,1,5.0153999999999996
density,1500,4497,0.002,2003,123,matrix_array,2,0,4.8853
density,1500,4497,0.002,2003,123,list_heap,2,1,0.1613
density,1500,4497,0.002,2003,123,list_heap,3,0,0.13669999999999999
density,1500,4497,0.002,2003,123,matrix_array,3,1,4.6026999999999996
density,1500,4497,0.002,2003,123,matrix_array,4,0,4.7173999999999996
density,1500,4497,0.002,2003,123,list_heap,4,1,0.16170000000000001
density,1500,4497,0.002,2003,123,list_heap,5,0,0.14410000000000001
density,1500,4497,0.002,2003,123,matrix_array,5,1,4.5651999999999999
density,1500,4497,0.002,2003,123,matrix_array,6,0,4.5182000000000002
density,1500,4497,0.002,2003,123,list_heap,6,1,0.16639999999999999
density,1500,4497,0.002,2003,123,list_heap,7,0,0.14119999999999999
density,1500,4497,0.002,2003,123,matrix_array,7,1,4.6254999999999997
density,1500,4497,0.002,2003,123,matrix_array,8,0,4.5842999999999998
density,1500,4497,0.002,2003,123,list_heap,8,1,0.15690000000000001
density,1500,22485,0.01,2001,35,matrix_array,0,0,4.9222000000000001
density,1500,22485,0.01,2001,35,list_heap,0,1,0.2535
density,1500,22485,0.01,2001,35,list_heap,1,0,0.2177
density,1500,22485,0.01,2001,35,matrix_array,1,1,4.8971
density,1500,22485,0.01,2001,35,matrix_array,2,0,4.8996000000000004
density,1500,22485,0.01,2001,35,list_heap,2,1,0.2666
density,1500,22485,0.01,2001,35,list_heap,3,0,0.32379999999999998
density,1500,22485,0.01,2001,35,matrix_array,3,1,5.0004999999999997
density,1500,22485,0.01,2001,35,matrix_array,4,0,4.9836999999999998
density,1500,22485,0.01,2001,35,list_heap,4,1,0.27279999999999999
density,1500,22485,0.01,2001,35,list_heap,5,0,0.24759999999999999
density,1500,22485,0.01,2001,35,matrix_array,5,1,4.9946999999999999
density,1500,22485,0.01,2001,35,matrix_array,6,0,4.9734999999999996
density,1500,22485,0.01,2001,35,list_heap,6,1,0.26650000000000001
density,1500,22485,0.01,2001,35,list_heap,7,0,0.21829999999999999
density,1500,22485,0.01,2001,35,matrix_array,7,1,4.8640999999999996
density,1500,22485,0.01,2001,35,matrix_array,8,0,4.9058999999999999
density,1500,22485,0.01,2001,35,list_heap,8,1,0.27400000000000002
density,1500,22485,0.01,2002,219,matrix_array,0,0,5.0087000000000002
density,1500,22485,0.01,2002,219,list_heap,0,1,0.26929999999999998
density,1500,22485,0.01,2002,219,list_heap,1,0,0.26740000000000003
density,1500,22485,0.01,2002,219,matrix_array,1,1,5.2638999999999996
density,1500,22485,0.01,2002,219,matrix_array,2,0,4.9024000000000001
density,1500,22485,0.01,2002,219,list_heap,2,1,0.30370000000000003
density,1500,22485,0.01,2002,219,list_heap,3,0,0.25869999999999999
density,1500,22485,0.01,2002,219,matrix_array,3,1,5.1809000000000003
density,1500,22485,0.01,2002,219,matrix_array,4,0,4.9413
density,1500,22485,0.01,2002,219,list_heap,4,1,0.26790000000000003
density,1500,22485,0.01,2002,219,list_heap,5,0,0.23280000000000001
density,1500,22485,0.01,2002,219,matrix_array,5,1,4.9351000000000003
density,1500,22485,0.01,2002,219,matrix_array,6,0,5.1018999999999997
density,1500,22485,0.01,2002,219,list_heap,6,1,0.27500000000000002
density,1500,22485,0.01,2002,219,list_heap,7,0,0.27950000000000003
density,1500,22485,0.01,2002,219,matrix_array,7,1,4.9592999999999998
density,1500,22485,0.01,2002,219,matrix_array,8,0,5.0082000000000004
density,1500,22485,0.01,2002,219,list_heap,8,1,0.33439999999999998
density,1500,22485,0.01,2003,720,matrix_array,0,0,4.9303999999999997
density,1500,22485,0.01,2003,720,list_heap,0,1,0.25530000000000003
density,1500,22485,0.01,2003,720,list_heap,1,0,0.25240000000000001
density,1500,22485,0.01,2003,720,matrix_array,1,1,5.0346000000000002
density,1500,22485,0.01,2003,720,matrix_array,2,0,4.8806000000000003
density,1500,22485,0.01,2003,720,list_heap,2,1,0.26900000000000002
density,1500,22485,0.01,2003,720,list_heap,3,0,0.2145
density,1500,22485,0.01,2003,720,matrix_array,3,1,4.8970000000000002
density,1500,22485,0.01,2003,720,matrix_array,4,0,4.8997000000000002
density,1500,22485,0.01,2003,720,list_heap,4,1,0.26860000000000001
density,1500,22485,0.01,2003,720,list_heap,5,0,0.24260000000000001
density,1500,22485,0.01,2003,720,matrix_array,5,1,4.9893999999999998
density,1500,22485,0.01,2003,720,matrix_array,6,0,5.1054000000000004
density,1500,22485,0.01,2003,720,list_heap,6,1,0.2732
density,1500,22485,0.01,2003,720,list_heap,7,0,0.2409
density,1500,22485,0.01,2003,720,matrix_array,7,1,5.0770999999999997
density,1500,22485,0.01,2003,720,matrix_array,8,0,4.9226999999999999
density,1500,22485,0.01,2003,720,list_heap,8,1,0.28660000000000002
density,1500,112425,0.05,2001,465,matrix_array,0,0,5.9785000000000004
density,1500,112425,0.05,2001,465,list_heap,0,1,0.69599999999999995
density,1500,112425,0.05,2001,465,list_heap,1,0,1.6313
density,1500,112425,0.05,2001,465,matrix_array,1,1,6.2218999999999998
density,1500,112425,0.05,2001,465,matrix_array,2,0,6.2403000000000004
density,1500,112425,0.05,2001,465,list_heap,2,1,0.67679999999999996
density,1500,112425,0.05,2001,465,list_heap,3,0,0.62329999999999997
density,1500,112425,0.05,2001,465,matrix_array,3,1,6.1157000000000004
density,1500,112425,0.05,2001,465,matrix_array,4,0,6.0837000000000003
density,1500,112425,0.05,2001,465,list_heap,4,1,0.65300000000000002
density,1500,112425,0.05,2001,465,list_heap,5,0,0.56789999999999996
density,1500,112425,0.05,2001,465,matrix_array,5,1,6.1840999999999999
density,1500,112425,0.05,2001,465,matrix_array,6,0,6.0818000000000003
density,1500,112425,0.05,2001,465,list_heap,6,1,0.72660000000000002
density,1500,112425,0.05,2001,465,list_heap,7,0,0.63929999999999998
density,1500,112425,0.05,2001,465,matrix_array,7,1,6.0209000000000001
density,1500,112425,0.05,2001,465,matrix_array,8,0,6.1139999999999999
density,1500,112425,0.05,2001,465,list_heap,8,1,0.65720000000000001
density,1500,112425,0.05,2002,1210,matrix_array,0,0,6.0579000000000001
density,1500,112425,0.05,2002,1210,list_heap,0,1,0.65790000000000004
density,1500,112425,0.05,2002,1210,list_heap,1,0,0.62050000000000005
density,1500,112425,0.05,2002,1210,matrix_array,1,1,6.0796000000000001
density,1500,112425,0.05,2002,1210,matrix_array,2,0,6.0484999999999998
density,1500,112425,0.05,2002,1210,list_heap,2,1,0.70750000000000002
density,1500,112425,0.05,2002,1210,list_heap,3,0,0.62319999999999998
density,1500,112425,0.05,2002,1210,matrix_array,3,1,6.2529000000000003
density,1500,112425,0.05,2002,1210,matrix_array,4,0,6.3776999999999999
density,1500,112425,0.05,2002,1210,list_heap,4,1,0.68379999999999996
density,1500,112425,0.05,2002,1210,list_heap,5,0,0.62060000000000004
density,1500,112425,0.05,2002,1210,matrix_array,5,1,6.2210000000000001
density,1500,112425,0.05,2002,1210,matrix_array,6,0,6.3994999999999997
density,1500,112425,0.05,2002,1210,list_heap,6,1,0.70540000000000003
density,1500,112425,0.05,2002,1210,list_heap,7,0,0.68179999999999996
density,1500,112425,0.05,2002,1210,matrix_array,7,1,6.109
density,1500,112425,0.05,2002,1210,matrix_array,8,0,6.0766
density,1500,112425,0.05,2002,1210,list_heap,8,1,0.69269999999999998
density,1500,112425,0.05,2003,123,matrix_array,0,0,6.4861000000000004
density,1500,112425,0.05,2003,123,list_heap,0,1,0.77239999999999998
density,1500,112425,0.05,2003,123,list_heap,1,0,0.63600000000000001
density,1500,112425,0.05,2003,123,matrix_array,1,1,5.9250999999999996
density,1500,112425,0.05,2003,123,matrix_array,2,0,6.4275000000000002
density,1500,112425,0.05,2003,123,list_heap,2,1,0.67549999999999999
density,1500,112425,0.05,2003,123,list_heap,3,0,0.64680000000000004
density,1500,112425,0.05,2003,123,matrix_array,3,1,5.9909999999999997
density,1500,112425,0.05,2003,123,matrix_array,4,0,6.6085000000000003
density,1500,112425,0.05,2003,123,list_heap,4,1,0.71809999999999996
density,1500,112425,0.05,2003,123,list_heap,5,0,0.60750000000000004
density,1500,112425,0.05,2003,123,matrix_array,5,1,6.0034999999999998
density,1500,112425,0.05,2003,123,matrix_array,6,0,6.1692999999999998
density,1500,112425,0.05,2003,123,list_heap,6,1,0.77929999999999999
density,1500,112425,0.05,2003,123,list_heap,7,0,0.63970000000000005
density,1500,112425,0.05,2003,123,matrix_array,7,1,5.9916999999999998
density,1500,112425,0.05,2003,123,matrix_array,8,0,5.9809000000000001
density,1500,112425,0.05,2003,123,list_heap,8,1,0.6452
density,1500,449700,0.2,2001,198,matrix_array,0,0,7.2634999999999996
density,1500,449700,0.2,2001,198,list_heap,0,1,1.6742999999999999
density,1500,449700,0.2,2001,198,list_heap,1,0,1.7870999999999999
density,1500,449700,0.2,2001,198,matrix_array,1,1,7.3849
density,1500,449700,0.2,2001,198,matrix_array,2,0,7.3651
density,1500,449700,0.2,2001,198,list_heap,2,1,1.8602000000000001
density,1500,449700,0.2,2001,198,list_heap,3,0,1.7476
density,1500,449700,0.2,2001,198,matrix_array,3,1,7.3175999999999997
density,1500,449700,0.2,2001,198,matrix_array,4,0,7.2929000000000004
density,1500,449700,0.2,2001,198,list_heap,4,1,1.6986000000000001
density,1500,449700,0.2,2001,198,list_heap,5,0,1.6950000000000001
density,1500,449700,0.2,2001,198,matrix_array,5,1,7.2363999999999997
density,1500,449700,0.2,2001,198,matrix_array,6,0,7.2538999999999998
density,1500,449700,0.2,2001,198,list_heap,6,1,1.7171000000000001
density,1500,449700,0.2,2001,198,list_heap,7,0,1.7538
density,1500,449700,0.2,2001,198,matrix_array,7,1,7.1542000000000003
density,1500,449700,0.2,2001,198,matrix_array,8,0,7.2317
density,1500,449700,0.2,2001,198,list_heap,8,1,1.7421
density,1500,449700,0.2,2002,1021,matrix_array,0,0,7.3057999999999996
density,1500,449700,0.2,2002,1021,list_heap,0,1,1.7708999999999999
density,1500,449700,0.2,2002,1021,list_heap,1,0,1.8172999999999999
density,1500,449700,0.2,2002,1021,matrix_array,1,1,7.1810999999999998
density,1500,449700,0.2,2002,1021,matrix_array,2,0,7.1828000000000003
density,1500,449700,0.2,2002,1021,list_heap,2,1,1.7363999999999999
density,1500,449700,0.2,2002,1021,list_heap,3,0,1.6607000000000001
density,1500,449700,0.2,2002,1021,matrix_array,3,1,7.2477
density,1500,449700,0.2,2002,1021,matrix_array,4,0,7.218
density,1500,449700,0.2,2002,1021,list_heap,4,1,1.7557
density,1500,449700,0.2,2002,1021,list_heap,5,0,1.6865000000000001
density,1500,449700,0.2,2002,1021,matrix_array,5,1,7.2262000000000004
density,1500,449700,0.2,2002,1021,matrix_array,6,0,7.4413999999999998
density,1500,449700,0.2,2002,1021,list_heap,6,1,1.8008
density,1500,449700,0.2,2002,1021,list_heap,7,0,1.7333000000000001
density,1500,449700,0.2,2002,1021,matrix_array,7,1,7.1492000000000004
density,1500,449700,0.2,2002,1021,matrix_array,8,0,7.2781000000000002
density,1500,449700,0.2,2002,1021,list_heap,8,1,1.7766999999999999
density,1500,449700,0.2,2003,1497,matrix_array,0,0,7.3644999999999996
density,1500,449700,0.2,2003,1497,list_heap,0,1,1.9435
density,1500,449700,0.2,2003,1497,list_heap,1,0,1.7870999999999999
density,1500,449700,0.2,2003,1497,matrix_array,1,1,7.2488000000000001
density,1500,449700,0.2,2003,1497,matrix_array,2,0,7.4962999999999997
density,1500,449700,0.2,2003,1497,list_heap,2,1,1.7356
density,1500,449700,0.2,2003,1497,list_heap,3,0,1.7490000000000001
density,1500,449700,0.2,2003,1497,matrix_array,3,1,7.3925000000000001
density,1500,449700,0.2,2003,1497,matrix_array,4,0,7.3981000000000003
density,1500,449700,0.2,2003,1497,list_heap,4,1,1.7568999999999999
density,1500,449700,0.2,2003,1497,list_heap,5,0,1.6147
density,1500,449700,0.2,2003,1497,matrix_array,5,1,7.2995000000000001
density,1500,449700,0.2,2003,1497,matrix_array,6,0,8.9236000000000004
density,1500,449700,0.2,2003,1497,list_heap,6,1,1.7625999999999999
density,1500,449700,0.2,2003,1497,list_heap,7,0,1.6433
density,1500,449700,0.2,2003,1497,matrix_array,7,1,7.2851999999999997
density,1500,449700,0.2,2003,1497,matrix_array,8,0,7.3426999999999998
density,1500,449700,0.2,2003,1497,list_heap,8,1,1.7289000000000001
density,1500,1124250,0.5,2001,1428,matrix_array,0,0,9.1385000000000005
density,1500,1124250,0.5,2001,1428,list_heap,0,1,3.8915999999999999
density,1500,1124250,0.5,2001,1428,list_heap,1,0,4.0712999999999999
density,1500,1124250,0.5,2001,1428,matrix_array,1,1,9.8704999999999998
density,1500,1124250,0.5,2001,1428,matrix_array,2,0,10.1845
density,1500,1124250,0.5,2001,1428,list_heap,2,1,4.5004999999999997
density,1500,1124250,0.5,2001,1428,list_heap,3,0,4.2295999999999996
density,1500,1124250,0.5,2001,1428,matrix_array,3,1,9.1859999999999999
density,1500,1124250,0.5,2001,1428,matrix_array,4,0,9.1389999999999993
density,1500,1124250,0.5,2001,1428,list_heap,4,1,3.8168000000000002
density,1500,1124250,0.5,2001,1428,list_heap,5,0,3.7391999999999999
density,1500,1124250,0.5,2001,1428,matrix_array,5,1,9.1265999999999998
density,1500,1124250,0.5,2001,1428,matrix_array,6,0,10.005100000000001
density,1500,1124250,0.5,2001,1428,list_heap,6,1,3.9291999999999998
density,1500,1124250,0.5,2001,1428,list_heap,7,0,3.8525999999999998
density,1500,1124250,0.5,2001,1428,matrix_array,7,1,9.1550999999999991
density,1500,1124250,0.5,2001,1428,matrix_array,8,0,9.0741999999999994
density,1500,1124250,0.5,2001,1428,list_heap,8,1,3.8315999999999999
density,1500,1124250,0.5,2002,775,matrix_array,0,0,8.9961000000000002
density,1500,1124250,0.5,2002,775,list_heap,0,1,4.0587
density,1500,1124250,0.5,2002,775,list_heap,1,0,3.8290000000000002
density,1500,1124250,0.5,2002,775,matrix_array,1,1,9.1380999999999997
density,1500,1124250,0.5,2002,775,matrix_array,2,0,8.9688999999999997
density,1500,1124250,0.5,2002,775,list_heap,2,1,3.9171
density,1500,1124250,0.5,2002,775,list_heap,3,0,3.766
density,1500,1124250,0.5,2002,775,matrix_array,3,1,8.9505999999999997
density,1500,1124250,0.5,2002,775,matrix_array,4,0,8.8895999999999997
density,1500,1124250,0.5,2002,775,list_heap,4,1,3.9003000000000001
density,1500,1124250,0.5,2002,775,list_heap,5,0,3.8420000000000001
density,1500,1124250,0.5,2002,775,matrix_array,5,1,8.8873999999999995
density,1500,1124250,0.5,2002,775,matrix_array,6,0,8.9954000000000001
density,1500,1124250,0.5,2002,775,list_heap,6,1,3.9462000000000002
density,1500,1124250,0.5,2002,775,list_heap,7,0,3.9163000000000001
density,1500,1124250,0.5,2002,775,matrix_array,7,1,9.1765000000000008
density,1500,1124250,0.5,2002,775,matrix_array,8,0,9.0989000000000004
density,1500,1124250,0.5,2002,775,list_heap,8,1,4.0439999999999996
density,1500,1124250,0.5,2003,1098,matrix_array,0,0,8.9758999999999993
density,1500,1124250,0.5,2003,1098,list_heap,0,1,3.7637999999999998
density,1500,1124250,0.5,2003,1098,list_heap,1,0,3.6332
density,1500,1124250,0.5,2003,1098,matrix_array,1,1,8.9610000000000003
density,1500,1124250,0.5,2003,1098,matrix_array,2,0,8.8900000000000006
density,1500,1124250,0.5,2003,1098,list_heap,2,1,3.7017000000000002
density,1500,1124250,0.5,2003,1098,list_heap,3,0,3.8972000000000002
density,1500,1124250,0.5,2003,1098,matrix_array,3,1,8.9655000000000005
density,1500,1124250,0.5,2003,1098,matrix_array,4,0,9.0402000000000005
density,1500,1124250,0.5,2003,1098,list_heap,4,1,3.7513000000000001
density,1500,1124250,0.5,2003,1098,list_heap,5,0,3.7545000000000002
density,1500,1124250,0.5,2003,1098,matrix_array,5,1,9.0139999999999993
density,1500,1124250,0.5,2003,1098,matrix_array,6,0,9.1433999999999997
density,1500,1124250,0.5,2003,1098,list_heap,6,1,3.6665999999999999
density,1500,1124250,0.5,2003,1098,list_heap,7,0,3.7717999999999998
density,1500,1124250,0.5,2003,1098,matrix_array,7,1,9.4999000000000002
density,1500,1124250,0.5,2003,1098,matrix_array,8,0,9.0747
density,1500,1124250,0.5,2003,1098,list_heap,8,1,3.8393000000000002
density,1500,2023650,0.9,2001,969,matrix_array,0,0,5.7237
density,1500,2023650,0.9,2001,969,list_heap,0,1,6.0876000000000001
density,1500,2023650,0.9,2001,969,list_heap,1,0,6.5365000000000002
density,1500,2023650,0.9,2001,969,matrix_array,1,1,5.609
density,1500,2023650,0.9,2001,969,matrix_array,2,0,5.8650000000000002
density,1500,2023650,0.9,2001,969,list_heap,2,1,6.1538000000000004
density,1500,2023650,0.9,2001,969,list_heap,3,0,6.4908000000000001
density,1500,2023650,0.9,2001,969,matrix_array,3,1,5.6138000000000003
density,1500,2023650,0.9,2001,969,matrix_array,4,0,5.6916000000000002
density,1500,2023650,0.9,2001,969,list_heap,4,1,6.1723999999999997
density,1500,2023650,0.9,2001,969,list_heap,5,0,6.4945000000000004
density,1500,2023650,0.9,2001,969,matrix_array,5,1,5.5933999999999999
density,1500,2023650,0.9,2001,969,matrix_array,6,0,5.5308000000000002
density,1500,2023650,0.9,2001,969,list_heap,6,1,7.4196
density,1500,2023650,0.9,2001,969,list_heap,7,0,6.2695999999999996
density,1500,2023650,0.9,2001,969,matrix_array,7,1,6.3129999999999997
density,1500,2023650,0.9,2001,969,matrix_array,8,0,5.5632000000000001
density,1500,2023650,0.9,2001,969,list_heap,8,1,6.1332000000000004
density,1500,2023650,0.9,2002,1450,matrix_array,0,0,6.4554999999999998
density,1500,2023650,0.9,2002,1450,list_heap,0,1,6.3418999999999999
density,1500,2023650,0.9,2002,1450,list_heap,1,0,6.1117999999999997
density,1500,2023650,0.9,2002,1450,matrix_array,1,1,5.7534000000000001
density,1500,2023650,0.9,2002,1450,matrix_array,2,0,5.5469999999999997
density,1500,2023650,0.9,2002,1450,list_heap,2,1,6.0228000000000002
density,1500,2023650,0.9,2002,1450,list_heap,3,0,6.1022999999999996
density,1500,2023650,0.9,2002,1450,matrix_array,3,1,5.5172999999999996
density,1500,2023650,0.9,2002,1450,matrix_array,4,0,5.54
density,1500,2023650,0.9,2002,1450,list_heap,4,1,6.0277000000000003
density,1500,2023650,0.9,2002,1450,list_heap,5,0,6.1490999999999998
density,1500,2023650,0.9,2002,1450,matrix_array,5,1,5.5693999999999999
density,1500,2023650,0.9,2002,1450,matrix_array,6,0,5.5667
density,1500,2023650,0.9,2002,1450,list_heap,6,1,6.2685000000000004
density,1500,2023650,0.9,2002,1450,list_heap,7,0,6.0045999999999999
density,1500,2023650,0.9,2002,1450,matrix_array,7,1,5.5548999999999999
density,1500,2023650,0.9,2002,1450,matrix_array,8,0,5.7655000000000003
density,1500,2023650,0.9,2002,1450,list_heap,8,1,6.0848000000000004
density,1500,2023650,0.9,2003,611,matrix_array,0,0,5.5997000000000003
density,1500,2023650,0.9,2003,611,list_heap,0,1,6.0928000000000004
density,1500,2023650,0.9,2003,611,list_heap,1,0,6.2881
density,1500,2023650,0.9,2003,611,matrix_array,1,1,5.5961999999999996
density,1500,2023650,0.9,2003,611,matrix_array,2,0,5.6592000000000002
density,1500,2023650,0.9,2003,611,list_heap,2,1,6.0698999999999996
density,1500,2023650,0.9,2003,611,list_heap,3,0,6.2183999999999999
density,1500,2023650,0.9,2003,611,matrix_array,3,1,5.6786000000000003
density,1500,2023650,0.9,2003,611,matrix_array,4,0,5.6326000000000001
density,1500,2023650,0.9,2003,611,list_heap,4,1,5.9409000000000001
density,1500,2023650,0.9,2003,611,list_heap,5,0,6.1588000000000003
density,1500,2023650,0.9,2003,611,matrix_array,5,1,5.7295999999999996
density,1500,2023650,0.9,2003,611,matrix_array,6,0,5.6787000000000001
density,1500,2023650,0.9,2003,611,list_heap,6,1,6.2412999999999998
density,1500,2023650,0.9,2003,611,list_heap,7,0,6.2107999999999999
density,1500,2023650,0.9,2003,611,matrix_array,7,1,5.5907999999999998
density,1500,2023650,0.9,2003,611,matrix_array,8,0,5.5991999999999997
density,1500,2023650,0.9,2003,611,list_heap,8,1,6.0042999999999997
