experiment,V,E,density,algorithm,samples,median_ms,q1_ms,q3_ms,min_ms,max_ms
dense_v,250,31125,0.5,list_heap,27,0.1391,0.13595,0.14565,0.1248,0.1813
dense_v,250,31125,0.5,matrix_array,27,0.3209,0.30835,0.33120000000000005,0.2925,0.4525
dense_v,500,124750,0.5,list_heap,27,0.473,0.46145,0.49624999999999997,0.445,0.5442
dense_v,500,124750,0.5,matrix_array,27,1.1501,1.141,1.17135,1.1276,1.2229
dense_v,1000,499500,0.5,list_heap,27,1.7486,1.7306499999999998,1.7977500000000002,1.678,3.1635
dense_v,1000,499500,0.5,matrix_array,27,4.2568,4.2139500000000005,4.40655,4.057,6.6249
dense_v,1500,1124250,0.5,list_heap,27,3.8608,3.7996,3.92305,3.4665,4.1788
dense_v,1500,1124250,0.5,matrix_array,27,9.0895,8.98725,9.1556,8.8627,9.5758
dense_v,2000,1999000,0.5,list_heap,27,6.7781,6.671099999999999,6.9174,6.5192,8.4048
dense_v,2000,1999000,0.5,matrix_array,27,15.9632,15.743500000000001,16.19765,15.529,19.3464
density,1500,4497,0.002,list_heap,27,0.1569,0.1406,0.16415,0.132,0.1812
density,1500,4497,0.002,matrix_array,27,4.6203,4.5077,4.69335,4.3735,5.0154
density,1500,22485,0.01,list_heap,27,0.2674,0.25,0.2736,0.2145,0.3344
density,1500,22485,0.01,matrix_array,27,4.9593,4.90415,5.00845,4.8641,5.2639
density,1500,112425,0.05,list_heap,27,0.6579,0.63765,0.7007,0.5679,1.6313
density,1500,112425,0.05,matrix_array,27,6.109,6.0347,6.2311,5.9251,6.6085
density,1500,449700,0.2,list_heap,27,1.7476,1.70785,1.7738,1.6147,1.9435
density,1500,449700,0.2,matrix_array,27,7.2852,7.23405,7.3648,7.1492,8.9236
density,1500,1124250,0.5,list_heap,27,3.842,3.7649,3.9231499999999997,3.6332,4.5005
density,1500,1124250,0.5,matrix_array,27,9.0747,8.9724,9.149249999999999,8.8874,10.1845
density,1500,2023650,0.9,list_heap,27,6.1538,6.0862,6.26905,5.9409,7.4196
density,1500,2023650,0.9,matrix_array,27,5.609,5.5680499999999995,5.70765,5.5173,6.4555
sparse_v,250,1000,0.01606425702811245,list_heap,27,0.0162,0.01255,0.0184,0.01,0.0316
sparse_v,250,1000,0.01606425702811245,matrix_array,27,0.1457,0.1443,0.1507,0.143,0.1738
sparse_v,500,2000,0.008016032064128256,list_heap,27,0.046,0.03695,0.04825,0.0339,0.056
sparse_v,500,2000,0.008016032064128256,matrix_array,27,0.5336,0.5304,0.5377000000000001,0.527,0.7474
sparse_v,1000,4000,0.004004004004004004,list_heap,27,0.1121,0.09425,0.11485,0.0873,0.137
sparse_v,1000,4000,0.004004004004004004,matrix_array,27,2.1061,2.0833000000000004,2.1311,2.0288,2.26
sparse_v,2000,8000,0.002001000500250125,list_heap,27,0.2381,0.2173,0.2416,0.2039,0.2824
sparse_v,2000,8000,0.002001000500250125,matrix_array,27,8.1115,8.0642,8.2359,7.9266,8.6634
sparse_v,4000,16000,0.001000250062515629,list_heap,27,0.5099,0.49785,0.5265500000000001,0.4445,0.769
sparse_v,4000,16000,0.001000250062515629,matrix_array,27,33.765,33.4324,34.3231,32.6347,35.3813
